t_wall,scenario,anchor,tag_mac,distance_m,rssi,samples,ts_dev
1775746220.5048103,LOS,A1,a0:f2:62:a4:7d:a2,3.0,-70.0,28,5765155
1775746226.699237,LOS,A1,a0:f2:62:a4:7d:a2,3.0,-70.0,28,5771350
1775746232.33239,LOS,A1,a0:f2:62:a4:7d:a2,3.0,-71.0,27,5776983
1775746238.2704387,LOS,A1,a0:f2:62:a4:7d:a2,3.0,-70.0,29,5782921
1775746243.5948775,LOS,A1,a0:f2:62:a4:7d:a2,3.0,-70.0,27,5788245
1775746248.9148262,LOS,A1,a0:f2:62:a4:7d:a2,3.0,-70.0,28,5793565
1775746254.553337,LOS,A1,a0:f2:62:a4:7d:a2,3.0,-71.0,28,5799203
1775746259.8785436,LOS,A1,a0:f2:62:a4:7d:a2,3.0,-70.0,26,5804528
1775746265.8158174,LOS,A1,a0:f2:62:a4:7d:a2,3.0,-70.0,28,5810465
1775746271.7606413,LOS,A1,a0:f2:62:a4:7d:a2,3.0,-70.0,28,5816409
1775746277.0837219,LOS,A1,a0:f2:62:a4:7d:a2,3.0,-71.0,29,5821733
1775746282.7206402,LOS,A1,a0:f2:62:a4:7d:a2,3.0,-71.0,29,5827370
1775746288.960677,LOS,A1,a0:f2:62:a4:7d:a2,3.0,-71.0,27,5833610
1775746297.8408525,LOS,A1,a0:f2:62:a4:7d:a2,3.0,-71.0,29,5842490
1775746303.1980798,LOS,A1,a0:f2:62:a4:7d:a2,3.0,-70.0,28,5847847
1775746308.829414,LOS,A1,a0:f2:62:a4:7d:a2,3.0,-71.0,28,5853478
1775746315.0732203,LOS,A1,a0:f2:62:a4:7d:a2,3.0,-70.0,27,5859722
1775746320.7033432,LOS,A1,a0:f2:62:a4:7d:a2,3.0,-71.0,27,5865352
1775746326.3365743,LOS,A1,a0:f2:62:a4:7d:a2,3.0,-70.0,26,5870985
1775746331.971949,LOS,A1,a0:f2:62:a4:7d:a2,3.0,-70.0,28,5876620
1775746337.6039014,LOS,A1,a0:f2:62:a4:7d:a2,3.0,-71.0,26,5882252
1775746342.9250908,LOS,A1,a0:f2:62:a4:7d:a2,3.0,-71.0,27,5887573
1775746348.8690205,LOS,A1,a0:f2:62:a4:7d:a2,3.0,-71.0,28,5893517
1775746354.4985273,LOS,A1,a0:f2:62:a4:7d:a2,3.0,-71.0,26,5899146
1775746359.8213735,LOS,A1,a0:f2:62:a4:7d:a2,3.0,-71.0,29,5904469
1775746365.1453402,LOS,A1,a0:f2:62:a4:7d:a2,3.0,-70.0,26,5909793
1775746370.46982,LOS,A1,a0:f2:62:a4:7d:a2,3.0,-71.0,27,5915117
1775746375.7955515,LOS,A1,a0:f2:62:a4:7d:a2,3.0,-70.0,25,5920443
1775746381.123852,LOS,A1,a0:f2:62:a4:7d:a2,3.0,-70.0,25,5925771
1775746387.9808862,LOS,A1,a0:f2:62:a4:7d:a2,3.0,-71.0,26,5932628
