t_wall,scenario,anchor,tag_mac,distance_m,rssi,samples,ts_dev
1775757858.7629886,LOS,A2,a0:f2:62:a4:7d:a2,1.0,-68.0,27,8047998
1775757864.0901608,LOS,A2,a0:f2:62:a4:7d:a2,1.0,-67.0,28,8053325
1775757869.975645,LOS,A2,a0:f2:62:a4:7d:a2,1.0,-67.0,26,8059210
1775757875.3320916,LOS,A2,a0:f2:62:a4:7d:a2,1.0,-66.0,28,8064566
1775757880.679264,LOS,A2,a0:f2:62:a4:7d:a2,1.0,-67.0,28,8069913
1775757886.004423,LOS,A2,a0:f2:62:a4:7d:a2,1.0,-67.0,28,8075238
1775757891.6336792,LOS,A2,a0:f2:62:a4:7d:a2,1.0,-67.0,27,8080867
1775757897.2694502,LOS,A2,a0:f2:62:a4:7d:a2,1.0,-67.0,28,8086503
1775757902.8992152,LOS,A2,a0:f2:62:a4:7d:a2,1.0,-67.0,27,8092132
1775757909.1482227,LOS,A2,a0:f2:62:a4:7d:a2,1.0,-67.0,27,8098381
1775757914.7767143,LOS,A2,a0:f2:62:a4:7d:a2,1.0,-67.0,27,8104009
1775757920.410533,LOS,A2,a0:f2:62:a4:7d:a2,1.0,-67.0,28,8109643
1775757926.0437195,LOS,A2,a0:f2:62:a4:7d:a2,1.0,-67.0,28,8115276
1775757931.6749964,LOS,A2,a0:f2:62:a4:7d:a2,1.0,-68.0,27,8120907
1775757937.0018468,LOS,A2,a0:f2:62:a4:7d:a2,1.0,-67.0,26,8126234
1775757942.321056,LOS,A2,a0:f2:62:a4:7d:a2,1.0,-67.0,26,8131553
1775757947.6511223,LOS,A2,a0:f2:62:a4:7d:a2,1.0,-67.0,29,8136883
1775757952.9724035,LOS,A2,a0:f2:62:a4:7d:a2,1.0,-67.0,27,8142204
1775757959.2220395,LOS,A2,a0:f2:62:a4:7d:a2,1.0,-66.0,26,8148453
1775757964.853959,LOS,A2,a0:f2:62:a4:7d:a2,1.0,-67.0,26,8154085
1775757970.198917,LOS,A2,a0:f2:62:a4:7d:a2,1.0,-66.0,28,8159430
1775757975.5039568,LOS,A2,a0:f2:62:a4:7d:a2,1.0,-66.0,29,8164735
1775757989.7354286,LOS,A2,a0:f2:62:a4:7d:a2,1.0,-66.0,26,8178966
1775757995.3649156,LOS,A2,a0:f2:62:a4:7d:a2,1.0,-66.0,27,8184596
1775758000.9674137,LOS,A2,a0:f2:62:a4:7d:a2,1.0,-66.0,28,8190198
1775758006.3254461,LOS,A2,a0:f2:62:a4:7d:a2,1.0,-66.0,26,8195556
1775758011.9605212,LOS,A2,a0:f2:62:a4:7d:a2,1.0,-66.0,25,8201191
1775758017.25533,LOS,A2,a0:f2:62:a4:7d:a2,1.0,-66.0,27,8206483
1775758022.917575,LOS,A2,a0:f2:62:a4:7d:a2,1.0,-66.0,27,8212148
1775758028.2395146,LOS,A2,a0:f2:62:a4:7d:a2,1.0,-66.0,29,8217470
