t_wall,scenario,anchor,tag_mac,distance_m,rssi,samples,ts_dev
1775745729.5155413,LOS,A1,a0:f2:62:a4:7d:a2,1.0,-63.0,28,5274182
1775745734.8008811,LOS,A1,a0:f2:62:a4:7d:a2,1.0,-63.0,28,5279467
1775745740.18464,LOS,A1,a0:f2:62:a4:7d:a2,1.0,-63.0,27,5284851
1775745746.1230714,LOS,A1,a0:f2:62:a4:7d:a2,1.0,-63.0,29,5290789
1775745751.4570942,LOS,A1,a0:f2:62:a4:7d:a2,1.0,-63.0,29,5296122
1775745757.3879693,LOS,A1,a0:f2:62:a4:7d:a2,1.0,-63.0,29,5302053
1775745763.6351888,LOS,A1,a0:f2:62:a4:7d:a2,1.0,-63.0,28,5308300
1775745769.2691658,LOS,A1,a0:f2:62:a4:7d:a2,1.0,-63.0,28,5313934
1775745774.9013846,LOS,A1,a0:f2:62:a4:7d:a2,1.0,-63.0,26,5319566
1775745780.721987,LOS,A1,a0:f2:62:a4:7d:a2,1.0,-63.0,26,5325386
1775745786.367868,LOS,A1,a0:f2:62:a4:7d:a2,1.0,-63.0,29,5331032
1775745792.615142,LOS,A1,a0:f2:62:a4:7d:a2,1.0,-63.0,27,5337279
1775745801.3305702,LOS,A1,a0:f2:62:a4:7d:a2,1.0,-63.0,27,5345994
1775745807.572036,LOS,A1,a0:f2:62:a4:7d:a2,1.0,-63.0,28,5352235
1775745813.5207102,LOS,A1,a0:f2:62:a4:7d:a2,1.0,-63.0,24,5358177
1775745818.8293955,LOS,A1,a0:f2:62:a4:7d:a2,1.0,-63.0,27,5363492
1775745824.770671,LOS,A1,a0:f2:62:a4:7d:a2,1.0,-63.0,28,5369433
1775745830.3585675,LOS,A1,a0:f2:62:a4:7d:a2,1.0,-63.0,27,5375021
1775745836.952733,LOS,A1,a0:f2:62:a4:7d:a2,1.0,-63.0,27,5381615
1775745842.2368991,LOS,A1,a0:f2:62:a4:7d:a2,1.0,-63.0,25,5386899
1775745847.6076188,LOS,A1,a0:f2:62:a4:7d:a2,1.0,-63.0,24,5392269
1775745853.5463247,LOS,A1,a0:f2:62:a4:7d:a2,1.0,-63.0,26,5398208
1775745859.7917876,LOS,A1,a0:f2:62:a4:7d:a2,1.0,-63.0,28,5404453
1775745865.1152978,LOS,A1,a0:f2:62:a4:7d:a2,1.0,-63.0,27,5409776
1775745870.400493,LOS,A1,a0:f2:62:a4:7d:a2,1.0,-63.0,29,5415061
1775745875.7684908,LOS,A1,a0:f2:62:a4:7d:a2,1.0,-63.0,27,5420429
1775745881.0547915,LOS,A1,a0:f2:62:a4:7d:a2,1.0,-63.0,28,5425715
1775745886.3349574,LOS,A1,a0:f2:62:a4:7d:a2,1.0,-63.0,27,5430995
1775745891.6210322,LOS,A1,a0:f2:62:a4:7d:a2,1.0,-63.0,28,5436281
1775745896.9076262,LOS,A1,a0:f2:62:a4:7d:a2,1.0,-63.0,29,5441568
